fips,population,population_moe,age65,age65_moe,poverty_population,poverty_population_moe,poverty,poverty_moe
25001,230073.0,0.0,74234.0,1586.8865743965446,227483.0,261.0,16909.0,1304.0
25003,128047.0,0.0,31527.0,974.9825639466585,122620.0,163.0,13481.0,1353.0
25005,578436.0,0.0,100780.0,2029.0327745011907,565411.0,530.0,65846.0,3176.0
25007,20751.0,0.0,5387.0,580.5350979914996,20486.0,124.0,1102.0,424.0
25009,807258.0,0.0,145373.0,2383.254917124897,791577.0,449.0,74235.0,3960.0
25011,70922.0,0.0,16973.0,564.7601260712374,69982.0,118.0,8508.0,858.0
25013,462853.0,0.0,82518.0,1799.8866630985408,450453.0,413.0,70787.0,3315.0
25015,156595.0,0.0,30271.0,875.6711711595855,135322.0,202.0,14750.0,1264.0
25017,1622896.0,0.0,259590.0,3037.2589616297128,1571906.0,559.0,118146.0,4951.0
25019,14299.0,0.0,2217.0,229.91955114778733,14146.0,53.0,428.0,179.0
25021,724540.0,0.0,126172.0,2254.6332295963352,708741.0,306.0,46980.0,2789.0
25023,531889.0,0.0,102175.0,2128.600244292009,521755.0,458.0,36987.0,2451.0
25025,782172.0,0.0,101416.0,2183.9990842488924,740898.0,995.0,121929.0,3647.0
25027,861664.0,0.0,142716.0,2283.129431285051,836461.0,462.0,86428.0,3926.0
