fips,county,pcp_2023,pcp_2022,md_2023,do_2023
25001,Barnstable,192.0,206.0,170.0,22.0
25003,Berkshire,152.0,155.0,140.0,12.0
25005,Bristol,319.0,316.0,296.0,23.0
25007,Dukes,14.0,12.0,12.0,2.0
25009,Essex,599.0,599.0,545.0,54.0
25011,Franklin,43.0,44.0,39.0,4.0
25013,Hampden,325.0,321.0,305.0,20.0
25015,Hampshire,186.0,199.0,171.0,15.0
25017,Middlesex,1981.0,2004.0,1921.0,60.0
25019,Nantucket,8.0,7.0,8.0,0.0
25021,Norfolk,879.0,877.0,858.0,21.0
25023,Plymouth,330.0,341.0,301.0,29.0
25025,Suffolk,1313.0,1295.0,1285.0,28.0
25027,Worcester,817.0,824.0,760.0,57.0
