GEO_ID,B17001_E001,B17001_M001,B17001_E002,B17001_M002,B17001_E003,B17001_M003,B17001_E004,B17001_M004,B17001_E005,B17001_M005,B17001_E006,B17001_M006,B17001_E007,B17001_M007,B17001_E008,B17001_M008,B17001_E009,B17001_M009,B17001_E010,B17001_M010,B17001_E011,B17001_M011,B17001_E012,B17001_M012,B17001_E013,B17001_M013,B17001_E014,B17001_M014,B17001_E015,B17001_M015,B17001_E016,B17001_M016,B17001_E017,B17001_M017,B17001_E018,B17001_M018,B17001_E019,B17001_M019,B17001_E020,B17001_M020,B17001_E021,B17001_M021,B17001_E022,B17001_M022,B17001_E023,B17001_M023,B17001_E024,B17001_M024,B17001_E025,B17001_M025,B17001_E026,B17001_M026,B17001_E027,B17001_M027,B17001_E028,B17001_M028,B17001_E029,B17001_M029,B17001_E030,B17001_M030,B17001_E031,B17001_M031,B17001_E032,B17001_M032,B17001_E033,B17001_M033,B17001_E034,B17001_M034,B17001_E035,B17001_M035,B17001_E036,B17001_M036,B17001_E037,B17001_M037,B17001_E038,B17001_M038,B17001_E039,B17001_M039,B17001_E040,B17001_M040,B17001_E041,B17001_M041,B17001_E042,B17001_M042,B17001_E043,B17001_M043,B17001_E044,B17001_M044,B17001_E045,B17001_M045,B17001_E046,B17001_M046,B17001_E047,B17001_M047,B17001_E048,B17001_M048,B17001_E049,B17001_M049,B17001_E050,B17001_M050,B17001_E051,B17001_M051,B17001_E052,B17001_M052,B17001_E053,B17001_M053,B17001_E054,B17001_M054,B17001_E055,B17001_M055,B17001_E056,B17001_M056,B17001_E057,B17001_M057,B17001_E058,B17001_M058,B17001_E059,B17001_M059
0500000US25001,227483,261,16909,1304,7362,850,581,307,102,78,616,231,278,153,58,59,159,94,439,180,774,286,502,193,898,263,1564,410,945,269,446,141,9547,875,272,121,0,32,488,264,213,125,72,74,195,153,561,216,1201,274,937,253,659,211,1679,357,1565,321,1705,261,210574,1333,102405,907,3542,259,1122,267,4756,360,2458,316,1177,199,2069,203,7393,238,9913,352,10119,329,10673,348,17698,412,18693,264,12792,202,108169,949,3260,277,906,259,4794,475,2585,362,625,166,2220,227,6191,250,8954,297,9622,269,12278,266,20025,362,21334,332,15375,297
0500000US25003,122620,163,13481,1353,6617,833,420,221,18,47,642,243,449,213,71,72,140,82,350,161,812,235,1038,309,752,254,913,224,673,201,339,162,6864,832,438,198,37,37,445,158,202,108,97,68,118,57,598,236,1079,285,747,208,533,141,1059,223,627,136,884,204,109139,1350,53511,865,2276,247,330,116,2774,375,1623,305,690,151,1128,189,3866,247,6016,311,6183,334,6692,271,9137,231,7892,206,4904,184,55628,870,1885,197,467,171,2753,333,1569,264,675,132,899,112,3323,342,5776,314,6367,226,7110,169,9564,235,8850,160,6390,243
0500000US25005,565411,530,65846,3176,29037,1883,2453,437,638,194,3147,432,1693,366,752,270,1083,306,3283,541,3015,500,2680,479,2515,352,3415,514,2615,360,1748,280,36809,1987,2510,638,316,135,2689,477,1917,423,650,213,938,280,2948,522,5412,605,5504,544,3265,477,4602,435,2920,430,3138,395,499565,3170,247339,1955,12438,436,2418,372,16274,707,9791,724,3437,353,5993,459,18556,678,34004,500,33402,476,35176,370,36783,528,25042,376,14025,292,252226,2063,11719,634,2795,509,16405,878,8692,662,2819,336,6501,425,17908,562,32080,615,32022,546,35925,487,37419,465,28419,447,19522,453
0500000US25007,20486,124,1102,424,502,237,22,36,0,25,17,30,44,68,0,25,29,45,24,3,74,112,0,25,157,153,111,87,5,7,19,30,600,330,0,25,0,25,40,65,0,25,0,25,0,25,21,42,76,60,69,70,216,205,84,115,76,85,18,24,19384,413,9533,305,271,109,8,15,653,163,292,120,117,87,193,134,686,208,952,196,1034,26,1102,175,1796,131,1517,62,912,88,9851,419,456,69,4,6,532,116,375,105,202,162,190,138,445,46,1058,160,1079,93,982,204,1716,190,1662,112,1150,82
0500000US25009,791577,449,74235,3960,31856,2147,2908,674,416,163,3117,587,2346,570,546,183,1213,288,2911,577,3099,490,3093,477,3074,573,3814,527,3057,438,2262,383,42379,2449,2616,573,804,320,3352,635,1457,351,659,257,825,229,2843,475,5161,690,5372,623,3972,430,5318,697,4883,562,5117,506,717342,4088,353214,2247,18951,725,4042,580,24539,1076,13488,894,4327,459,9688,549,29585,651,46660,510,46550,495,46625,581,51565,531,36576,429,20618,427,364128,2564,18438,557,3421,459,22833,1099,13288,886,4336,375,9327,474,27907,542,45103,697,46526,616,49466,439,54548,692,40759,573,28176,520
0500000US25011,69982,118,8508,858,3603,487,366,102,78,46,306,110,183,117,66,57,97,65,349,128,527,165,315,94,395,107,470,124,259,79,192,73,4905,552,157,77,85,60,396,146,121,66,33,30,100,57,454,156,827,199,704,169,424,117,664,138,517,141,423,136,61474,866,30934,477,1082,112,191,63,1938,181,786,143,386,95,711,96,2124,100,3589,171,4009,130,3885,127,4947,158,4826,98,2460,91,30540,558,1044,87,221,72,1346,158,1082,156,254,77,661,101,1727,177,3200,185,3812,151,4044,125,5200,146,5144,151,2805,155
0500000US25013,450453,413,70787,3315,30848,1994,2794,487,318,149,3785,506,1886,432,700,214,1075,224,3008,475,4217,659,3017,521,2632,400,3727,414,2115,353,1574,261,39939,1821,2857,474,709,237,3185,446,1900,360,533,218,1303,242,3516,494,5513,598,4938,565,3663,554,4598,619,3933,515,3291,361,379666,3288,188121,2006,9526,496,1740,404,13068,792,7054,540,2644,364,4886,395,16637,471,26424,655,23968,529,23885,404,26740,442,20460,371,11089,291,191545,1821,8870,469,1772,323,12813,826,5592,601,2143,287,4765,376,15330,547,25086,604,24397,572,25595,561,28098,611,21891,506,15193,396
0500000US25015,135322,202,14750,1264,6692,816,175,117,73,63,264,110,234,121,66,70,297,165,2228,409,587,179,707,264,485,151,817,244,539,149,220,134,8058,895,414,168,22,29,426,176,166,79,62,50,106,61,2335,441,779,231,990,256,421,150,1000,230,737,235,600,185,120572,1297,58917,931,2262,162,415,156,3778,273,2126,273,825,160,1192,188,5249,580,7245,245,6913,313,7478,201,8965,238,7968,158,4501,166,61655,899,2221,174,438,141,3645,272,1559,255,410,115,1531,182,3891,478,6949,260,7542,291,8442,216,10017,230,9252,264,5758,208
0500000US25017,1571906,559,118146,4951,53644,2784,3378,646,715,267,3747,604,1964,367,825,231,1366,308,8687,916,7382,779,5639,748,5097,703,6826,661,5018,673,3000,406,64502,2918,3172,644,404,150,3944,567,2115,432,763,228,1010,289,8688,904,9243,764,7426,714,6697,663,7352,720,6373,515,7315,719,1453760,5015,721346,2751,38400,626,8407,784,50107,1268,25544,1076,8795,600,17963,676,53249,1049,115069,868,105265,810,97550,746,96652,656,64971,683,39374,457,732414,3100,36566,661,7320,624,47467,1295,25235,1261,8705,595,16986,633,51457,945,109960,808,104338,739,97869,670,99707,723,73418,533,53386,725
0500000US25019,14146,53,428,179,218,90,0,21,0,21,0,21,0,21,0,21,39,62,81,62,0,21,7,13,15,31,0,21,16,25,60,57,210,125,0,21,0,21,0,21,0,21,0,21,0,21,32,51,38,53,13,27,30,25,9,13,21,15,67,64,13718,192,7001,269,294,105,132,136,503,99,369,164,102,80,194,84,453,240,687,100,1060,219,1206,204,995,175,667,57,339,75,6717,331,352,92,58,76,382,137,207,89,59,45,198,96,278,84,834,172,1624,147,805,110,907,144,669,33,344,64
0500000US25021,708741,306,46980,2789,20084,1571,1031,322,232,149,1290,324,659,225,342,158,598,200,3355,589,2601,504,1648,315,2628,483,2297,374,1803,349,1600,292,26896,1669,1073,317,146,103,1477,331,818,210,345,147,633,200,3220,586,3142,579,3161,489,2661,369,3020,510,3091,335,4109,534,661761,2771,324399,1597,17948,335,3567,490,24416,826,12289,774,4087,369,9180,359,24229,619,42607,527,45175,320,43980,488,46624,425,31483,362,18814,337,337362,1675,16995,353,2657,388,23681,802,12008,803,4468,394,8336,404,22992,601,44084,590,45370,500,46471,374,48880,509,35343,345,26077,524
0500000US25023,521755,458,36987,2451,15274,1161,1004,358,412,190,1234,284,813,262,267,103,603,196,1533,434,1295,355,1640,493,1472,310,2206,379,1551,301,1244,272,21713,1601,1317,344,153,86,1361,425,744,211,290,143,642,265,1445,397,2751,471,2496,420,1762,368,3085,418,2537,358,3130,452,484768,2473,239104,1256,12797,380,2815,419,17183,826,9368,734,3244,346,6845,379,19545,495,27552,387,29609,498,32719,323,36116,412,26450,352,14861,298,245664,1604,11704,380,2416,363,16367,704,8799,660,3218,417,6192,451,18957,415,26683,470,29704,419,34385,374,37996,415,29972,360,19271,491
0500000US25025,740898,995,121929,3647,54321,2178,3071,538,802,343,4328,613,2487,465,1177,300,1431,284,9631,866,8206,934,4432,538,4974,560,6129,668,4736,514,2917,535,67608,2596,3580,580,453,183,4002,669,2490,478,988,348,1336,296,12265,911,10432,922,7170,648,6076,725,6376,699,6393,605,6047,505,618969,3741,305592,2137,15657,554,2990,411,14740,844,8198,698,2641,349,5121,379,24786,915,77996,908,48738,580,35871,556,34092,650,22190,526,12572,546,313377,2694,14659,631,2039,360,15677,920,7968,715,2791,392,4837,435,24464,958,78104,939,45743,662,36556,739,36514,704,26198,613,17827,542
0500000US25027,836461,462,86428,3926,39399,2269,3092,490,788,329,3869,535,2193,525,450,191,1098,273,4952,721,4723,660,4195,674,3773,489,5021,511,3051,441,2194,332,47029,2354,2706,485,385,155,3715,637,1755,390,682,171,1042,329,5949,783,7232,785,5393,658,4940,600,5423,637,4220,543,3587,523,750033,4056,374595,2373,19652,507,4027,451,25736,1004,14301,943,4715,511,10601,569,29005,875,50917,656,49961,690,52103,513,55870,531,37858,487,19849,363,375438,2401,18461,555,3464,552,24799,1065,14518,929,5080,428,9448,501,26338,766,47775,774,49407,666,52281,608,56601,654,39962,560,27304,584
