fips,county,scenario,selected,capacity_cutoff
25001,Barnstable,baseline,False,78.82678906708841
25003,Berkshire,baseline,False,78.82678906708841
25005,Bristol,baseline,True,78.82678906708841
25007,Dukes,baseline,True,78.82678906708841
25009,Essex,baseline,True,78.82678906708841
25011,Franklin,baseline,True,78.82678906708841
25013,Hampden,baseline,True,78.82678906708841
25015,Hampshire,baseline,False,78.82678906708841
25017,Middlesex,baseline,False,78.82678906708841
25019,Nantucket,baseline,False,78.82678906708841
25021,Norfolk,baseline,False,78.82678906708841
25023,Plymouth,baseline,True,78.82678906708841
25025,Suffolk,baseline,False,78.82678906708841
25027,Worcester,baseline,False,78.82678906708841
25001,Barnstable,stricter_capacity,False,71.01370311866373
25003,Berkshire,stricter_capacity,False,71.01370311866373
25005,Bristol,stricter_capacity,True,71.01370311866373
25007,Dukes,stricter_capacity,True,71.01370311866373
25009,Essex,stricter_capacity,False,71.01370311866373
25011,Franklin,stricter_capacity,True,71.01370311866373
25013,Hampden,stricter_capacity,True,71.01370311866373
25015,Hampshire,stricter_capacity,False,71.01370311866373
25017,Middlesex,stricter_capacity,False,71.01370311866373
25019,Nantucket,stricter_capacity,False,71.01370311866373
25021,Norfolk,stricter_capacity,False,71.01370311866373
25023,Plymouth,stricter_capacity,True,71.01370311866373
25025,Suffolk,stricter_capacity,False,71.01370311866373
25027,Worcester,stricter_capacity,False,71.01370311866373
25001,Barnstable,broader_capacity,True,92.5435876150799
25003,Berkshire,broader_capacity,False,92.5435876150799
25005,Bristol,broader_capacity,True,92.5435876150799
25007,Dukes,broader_capacity,True,92.5435876150799
25009,Essex,broader_capacity,True,92.5435876150799
25011,Franklin,broader_capacity,True,92.5435876150799
25013,Hampden,broader_capacity,True,92.5435876150799
25015,Hampshire,broader_capacity,False,92.5435876150799
25017,Middlesex,broader_capacity,False,92.5435876150799
25019,Nantucket,broader_capacity,False,92.5435876150799
25021,Norfolk,broader_capacity,False,92.5435876150799
25023,Plymouth,broader_capacity,True,92.5435876150799
25025,Suffolk,broader_capacity,False,92.5435876150799
25027,Worcester,broader_capacity,False,92.5435876150799
25001,Barnstable,previous_workforce_year,False,81.86930166091733
25003,Berkshire,previous_workforce_year,False,81.86930166091733
25005,Bristol,previous_workforce_year,True,81.86930166091733
25007,Dukes,previous_workforce_year,True,81.86930166091733
25009,Essex,previous_workforce_year,True,81.86930166091733
25011,Franklin,previous_workforce_year,True,81.86930166091733
25013,Hampden,previous_workforce_year,True,81.86930166091733
25015,Hampshire,previous_workforce_year,False,81.86930166091733
25017,Middlesex,previous_workforce_year,False,81.86930166091733
25019,Nantucket,previous_workforce_year,False,81.86930166091733
25021,Norfolk,previous_workforce_year,False,81.86930166091733
25023,Plymouth,previous_workforce_year,True,81.86930166091733
25025,Suffolk,previous_workforce_year,False,81.86930166091733
25027,Worcester,previous_workforce_year,False,81.86930166091733
25001,Barnstable,poverty_context_only,False,78.82678906708841
25003,Berkshire,poverty_context_only,False,78.82678906708841
25005,Bristol,poverty_context_only,True,78.82678906708841
25007,Dukes,poverty_context_only,False,78.82678906708841
25009,Essex,poverty_context_only,False,78.82678906708841
25011,Franklin,poverty_context_only,True,78.82678906708841
25013,Hampden,poverty_context_only,True,78.82678906708841
25015,Hampshire,poverty_context_only,False,78.82678906708841
25017,Middlesex,poverty_context_only,False,78.82678906708841
25019,Nantucket,poverty_context_only,False,78.82678906708841
25021,Norfolk,poverty_context_only,False,78.82678906708841
25023,Plymouth,poverty_context_only,False,78.82678906708841
25025,Suffolk,poverty_context_only,False,78.82678906708841
25027,Worcester,poverty_context_only,False,78.82678906708841
25001,Barnstable,older_context_only,False,78.82678906708841
25003,Berkshire,older_context_only,False,78.82678906708841
25005,Bristol,older_context_only,False,78.82678906708841
25007,Dukes,older_context_only,True,78.82678906708841
25009,Essex,older_context_only,True,78.82678906708841
25011,Franklin,older_context_only,True,78.82678906708841
25013,Hampden,older_context_only,True,78.82678906708841
25015,Hampshire,older_context_only,False,78.82678906708841
25017,Middlesex,older_context_only,False,78.82678906708841
25019,Nantucket,older_context_only,False,78.82678906708841
25021,Norfolk,older_context_only,False,78.82678906708841
25023,Plymouth,older_context_only,True,78.82678906708841
25025,Suffolk,older_context_only,False,78.82678906708841
25027,Worcester,older_context_only,False,78.82678906708841
25001,Barnstable,context_lower_bounds,False,78.82678906708841
25003,Berkshire,context_lower_bounds,False,78.82678906708841
25005,Bristol,context_lower_bounds,True,78.82678906708841
25007,Dukes,context_lower_bounds,True,78.82678906708841
25009,Essex,context_lower_bounds,True,78.82678906708841
25011,Franklin,context_lower_bounds,True,78.82678906708841
25013,Hampden,context_lower_bounds,True,78.82678906708841
25015,Hampshire,context_lower_bounds,False,78.82678906708841
25017,Middlesex,context_lower_bounds,False,78.82678906708841
25019,Nantucket,context_lower_bounds,False,78.82678906708841
25021,Norfolk,context_lower_bounds,False,78.82678906708841
25023,Plymouth,context_lower_bounds,True,78.82678906708841
25025,Suffolk,context_lower_bounds,False,78.82678906708841
25027,Worcester,context_lower_bounds,False,78.82678906708841
25001,Barnstable,context_upper_bounds,False,78.82678906708841
25003,Berkshire,context_upper_bounds,False,78.82678906708841
25005,Bristol,context_upper_bounds,True,78.82678906708841
25007,Dukes,context_upper_bounds,True,78.82678906708841
25009,Essex,context_upper_bounds,True,78.82678906708841
25011,Franklin,context_upper_bounds,True,78.82678906708841
25013,Hampden,context_upper_bounds,True,78.82678906708841
25015,Hampshire,context_upper_bounds,False,78.82678906708841
25017,Middlesex,context_upper_bounds,False,78.82678906708841
25019,Nantucket,context_upper_bounds,False,78.82678906708841
25021,Norfolk,context_upper_bounds,False,78.82678906708841
25023,Plymouth,context_upper_bounds,True,78.82678906708841
25025,Suffolk,context_upper_bounds,False,78.82678906708841
25027,Worcester,context_upper_bounds,False,78.82678906708841
